MagicFest Cards,pPRM
Ravnica Allegiance: Guild Kits,GK2
Ravnica Allegiance: Mythic Edition,MED2
Ravnica Allegiance,RNA
Game Night,GNT
Ultimate Masters,UMA
Ultimate Masters: Box Toppers,pUMA
Guilds of Ravnica: Guild Kits,GK1
Guilds of Ravnica: Mythic Edition,MED
Guilds of Ravnica,GRN
Commander 2018,C18
Core Set 2019,M19
Global Series Jiang Yanggu & Mu Yanling,GS1
Commander Anthology Volume II,CM2
Signature Spellbook: Jace,SS1
Battlebond,BBD
Gift Boxes and Promos,pGBP
Dominaria,DOM
Duel Decks: Elves vs. Inventors,DDU
Masters 25,A25
Rivals of Ixalan,RIX
Explorers of Ixalan,EO2
From the Vault: Transform,V17
Unstable,UN3
Duel Decks: Merfolk vs. Goblins,DDT
Iconic Masters,IMA
Ixalan,XLN
Commander 2017,C17
Archenemy: Nicol Bolas,E01
Hour of Devastation,HOU
Commander Anthology,CMA
Amonkhet,AKH
Welcome Deck 2017,W17
Masterpiece Series: Amonkhet Invocations,MP3
Duel Decks: Mind vs. Might,DDS
Modern Masters 2017,MM3
Aether Revolt,AER
Planechase Anthology,PCA
Commander 2016,C16
Kaladesh,KLD
Masterpiece Series: Kaladesh Inventions,MP1
Duel Decks: Nissa vs. Ob Nixilis,DDR
Conspiracy: Take the Crown,CN2
From the Vault: Lore,V16
Eldritch Moon,EMN
Eternal Masters,EMA
Shadows over Innistrad,SOI
Duel Decks: Blessed vs. Cursed,DDQ
Oath of the Gatewatch,OGW
Welcome Deck 2016,W16
Commander 2015,C15
Battle for Zendikar,BFZ
Zendikar Expeditions,BFZx
Duel Decks: Zendikar vs. Eldrazi,DDP
Open House Promos,pOHP
Standard Showdown Promos,pSSD
Magic Origins,ORI
Modern Masters 2015 Edition,MM2
Dragons of Tarkir,DTK
Tarkir Dragonfury Promos,pTDP
From the Vault: Angels,V15
Duel Decks: Elspeth vs. Kiora,EVK
Fate Reforged,FRF
Duel Decks: Anthology,DD3
Commander 2014,C14
Khans of Tarkir,KTK
Duel Decks: Speed vs. Cunning,DDN
From the Vault: Annihilation,V14
Magic 2015 Core Set,M15
Conspiracy,CNS
Modern Event Deck 2014,MD1
Journey into Nyx,JOU
Duel Decks: Jace vs. Vraska,DDM
Born of the Gods,BNG
Commander 2013 Edition,C13
Theros,THS
Duel Decks: Heroes vs. Monsters,DDL
From the Vault: Twenty,V13
Magic 2014 Core Set,M14
Modern Masters,MMA
Dragon's Maze,DGM
Duel Decks: Sorin vs. Tibalt,DDK
Gatecrash,GTC
Commander's Arsenal,CM1
Duel Decks: Izzet vs. Golgari,DDJ
From the Vault: Realms,V12
Return to Ravnica,RTR
Magic 2013,M13
Planechase 2012 Edition,PC2
Avacyn Restored,AVR
Duel Decks: Venser vs. Koth,DDI
Dark Ascension,DKA
Premium Deck Series: Graveborn,PD3
Innistrad,ISD
From the Vault: Legends,V11
Magic 2012,M12
Duel Decks: Jace vs. Chandra,DD2
Magic: The Gathering-Commander,CMD
New Phyrexia,NPH
Mirrodin Besieged,MBS
Premium Deck Series: Fire and Lightning,PD2
From the Vault: Relics,V10
Scars of Mirrodin,SOM
League Promos,pLEA
WMCQ Promo Cards,WMCQ
Magic 2011,M11
Archenemy,ARC
Rise of the Eldrazi,ROE
Worldwake,WWK
Premium Deck Series: Slivers,H09
Duel Decks: Garruk vs. Liliana,DDD
Zendikar,ZEN
From the Vault: Exiled,V09
Magic 2010,M10
Alara Reborn,ARB
Planechase,HOP
Duel Decks: Elspeth vs. Tezzeret,DDF
Duel Decks: Ajani vs. Nicol Bolas,DDH
Conflux,CON
Duel Decks: Phyrexia vs. The Coalition,DDE
Shards of Alara,ALA
From the Vault: Dragons,DRB
Eventide,EVE
Shadowmoor,SHM
World Championship Decks,WCD
Morningtide,MOR
Launch Party Cards,pLPA
Coldsnap Theme Deck Reprints,CST
Duel Decks: Elves vs. Goblins,EVG
Lorwyn,LRW
Game Day Promos,pMGD
Tenth Edition,10E
Future Sight,FUT
Pro Tour Promos,pPRO
Champs Promos,pCHP
Grand Prix Promos,pGPX
Planar Chaos,PLC
Oversize Cards,pOVR
Special Occasion,pSPC
Time Spiral,TSP
"Time Spiral ""Timeshifted""",TSB
Magic Premiere Shop,pMPS
Coldsnap,CSP
Dissension,DIS
Duels of the Planeswalkers,DPA
Guildpact,GPT
WPN Promos,pWPN
Gateway Promos,pWPNG
JSS/MSS Promos,pJSS
Ravnica: City of Guilds,RAV
Ninth Edition,9ED
Saviors of Kamigawa,SOK
Betrayers of Kamigawa,BOK
Unhinged,UNH
Duel Decks: Divine vs. Demonic,DDC
Champions of Kamigawa,CHK
Fifth Dawn,5DN
Darksteel,DST
Duel Decks: Knights vs. Dragons,DDG
Mirrodin,MRD
Eighth Edition,8ED
Release Event Cards,pREL
Scourge,SCG
Legions,LGN
Onslaught,ONS
Judgment,JUD
Torment,TOR
Beatdown Box Set,BTD
Deckmasters Garfield vs Finkel,DKM
Odyssey,ODY
Apocalypse,APC
Magic Player Rewards,pMPR
Seventh Edition,7ED
Planeshift,PLS
Invasion,INV
Prophecy,PCY
Starter 2000,S00
Nemesis,NMS
FNM Promos,pFNM
Unique and Miscellaneous Promos,pUNI
Judge Promos,pJGP
Buy-a-Box Promos,BAB
Battle Royale Box Set,BRB
Mercadian Masques,MMQ
Urza's Destiny,UDS
Starter 1999,S99
Portal Three Kingdoms,PTK
Classic Sixth Edition,6ED
Urza's Legacy,ULG
Anthologies,ATH
Urza's Saga,USG
Unglued,UGL
European Lands,EUR
APAC Lands,APAC
Exodus,EXO
Stronghold,STH
Tempest,TMP
Weatherlight,WTH
Portal,POR
Portal Second Age,P02
Fifth Edition,5ED
Visions,VIS
Mirage,MIR
Arena Promos,pARL
Launch Party & Release Event Promos,pREL2
Alliances,ALL
Homelands,HML
Chronicles,CHR
Ice Age,ICE
Fourth Edition,4ED
Media Promos,pMEI
Prerelease Cards,pPRE
Fallen Empires,FEM
The Dark,DRK
Legends,LEG
Revised Edition,3ED
Antiquities,ATQ
Arabian Nights,ARN
Unlimited Edition,2ED
Collector's Edition,CED
International Edition,IE
Limited Edition Beta,LEB
Limited Edition Alpha,LEA
