ALL,Aesthir Glider
ALL,Agent of Stromgald
ALL,Arcane Denial
ALL,Astrolabe
ALL,Awesome Presence
ALL,Balduvian War-Makers
ALL,Benthic Explorers
ALL,Bestial Fury
ALL,Carrier Pigeons
ALL,Casting of Bones
ALL,Deadly Insect
ALL,Elvish Ranger
ALL,Enslaved Scout
ALL,Errand of Duty
ALL,False Demise
ALL,Feast or Famine
ALL,Fevered Strength
ALL,Foresight
ALL,Fyndhorn Druid
ALL,Gift of the Woods
ALL,Gorilla Berserkers
ALL,Gorilla Chieftain
ALL,Gorilla Shaman
ALL,Gorilla War Cry
ALL,Guerrilla Tactics
ALL,Insidious Bookworms
ALL,Kjeldoran Escort
ALL,Kjeldoran Pride
ALL,Lat-Nam's Legacy
ALL,Lim-DÃ»l's High Guard
ALL,Martyrdom
ALL,Noble Steeds
ALL,Phantasmal Fiend
ALL,Phyrexian Boon
ALL,Phyrexian War Beast
ALL,Reinforcements
ALL,Reprisal
ALL,Royal Herbalist
ALL,Soldevi Adnate
ALL,Soldevi Heretic
ALL,Soldevi Sage
ALL,Soldevi Sentry
ALL,Soldevi Steam Beast
ALL,Stench of Decay
ALL,Storm Crow
ALL,Storm Shaman
ALL,Swamp Mosquito
ALL,Taste of Paradise
ALL,Undergrowth
ALL,Varchild's Crusader
ALL,Veteran's Voice
ALL,Viscerid Armor
ALL,Whip Vine
ALL,Wild Aesthir
ALL,Yavimaya Ancients
ATQ,Mishra's Factory
ATQ,Strip Mine
ATQ,Urza's Mine
ATQ,Urza's Power Plant
ATQ,Urza's Tower
CHK,Brothers Yamazaki
CHR,Urza's Mine
CHR,Urza's Power Plant
CHR,Urza's Tower
CN2,"Kaya, Ghost Assassin"
FEM,Armor Thrull
FEM,Basal Thrull
FEM,Brassclaw Orcs
FEM,Combat Medic
FEM,Dwarven Soldier
FEM,Elven Fortress
FEM,Elvish Hunter
FEM,Elvish Scout
FEM,Farrel's Zealot
FEM,Goblin Chirurgeon
FEM,Goblin Grenade
FEM,Goblin War Drums
FEM,High Tide
FEM,Homarid
FEM,Homarid Warrior
FEM,Hymn to Tourach
FEM,Icatian Infantry
FEM,Icatian Javelineers
FEM,Icatian Moneychanger
FEM,Icatian Scout
FEM,Initiates of the Ebon Hand
FEM,Merseine
FEM,Mindstab Thrull
FEM,Necrite
FEM,Night Soil
FEM,Orcish Spy
FEM,Orcish Veteran
FEM,Order of Leitbur
FEM,Order of the Ebon Hand
FEM,Spore Cloud
FEM,Thallid
FEM,Thorn Thallid
FEM,Tidal Flats
FEM,Vodalian Mage
FEM,Vodalian Soldiers
HML,Abbey Matron
HML,Aliban's Tower
HML,Ambush Party
HML,Anaba Bodyguard
HML,Anaba Shaman
HML,Aysen Bureaucrats
HML,Carapace
HML,Cemetery Gate
HML,Dark Maze
HML,Dry Spell
HML,Dwarven Trader
HML,Feast of the Unicorn
HML,Folk of An-Havva
HML,Giant Albatross
HML,Hungry Mist
HML,Labyrinth Minotaur
HML,Memory Lapse
HML,Mesa Falcon
HML,Reef Pirates
HML,Samite Alchemist
HML,Sengir Bats
HML,Shrink
HML,Torture
HML,Trade Caravan
HML,Willow Faerie
PLS,"Ertai, the Corrupted"
PLS,Skyship Weatherlight
PLS,"Tahngarth, Talruum Hero"
